dataset,trees_requested,trees_composed,budget,selector,frontier_leaves,peak_nodes,splits,runtime_seconds,input_bits,labels,run_dir
appendicitis,10,10,20000,info_gain,1,9465,0,1.2149507999997695,38,0|1,C:\Users\ricca\Documents\Codex\2026-06-15\files-mentioned-by-the-user-bdss\outputs\bdss_rf_robustness_project\results\full_54_grid\appendicitis\trees_10\B_20000\selector_info_gain
appendicitis,10,10,20000,modal,1,9465,0,1.1769584999999552,38,0|1,C:\Users\ricca\Documents\Codex\2026-06-15\files-mentioned-by-the-user-bdss\outputs\bdss_rf_robustness_project\results\full_54_grid\appendicitis\trees_10\B_20000\selector_modal
appendicitis,10,10,20000,p_value,1,9465,0,1.2149336000002222,38,0|1,C:\Users\ricca\Documents\Codex\2026-06-15\files-mentioned-by-the-user-bdss\outputs\bdss_rf_robustness_project\results\full_54_grid\appendicitis\trees_10\B_20000\selector_p_value
appendicitis,10,10,20000,random_node,1,9465,0,1.225183300000026,38,0|1,C:\Users\ricca\Documents\Codex\2026-06-15\files-mentioned-by-the-user-bdss\outputs\bdss_rf_robustness_project\results\full_54_grid\appendicitis\trees_10\B_20000\selector_random_node
appendicitis,10,10,20000,shapley,1,9465,0,1.2031207999998514,38,0|1,C:\Users\ricca\Documents\Codex\2026-06-15\files-mentioned-by-the-user-bdss\outputs\bdss_rf_robustness_project\results\full_54_grid\appendicitis\trees_10\B_20000\selector_shapley
appendicitis,5,5,20000,info_gain,1,781,0,1.1351761999999326,38,0|1,C:\Users\ricca\Documents\Codex\2026-06-15\files-mentioned-by-the-user-bdss\outputs\bdss_rf_robustness_project\results\full_54_grid\appendicitis\trees_5\B_20000\selector_info_gain
appendicitis,5,5,20000,modal,1,781,0,6.82575339999994,38,0|1,C:\Users\ricca\Documents\Codex\2026-06-15\files-mentioned-by-the-user-bdss\outputs\bdss_rf_robustness_project\results\full_54_grid\appendicitis\trees_5\B_20000\selector_modal
appendicitis,5,5,20000,p_value,1,781,0,1.1475325000001249,38,0|1,C:\Users\ricca\Documents\Codex\2026-06-15\files-mentioned-by-the-user-bdss\outputs\bdss_rf_robustness_project\results\full_54_grid\appendicitis\trees_5\B_20000\selector_p_value
appendicitis,5,5,20000,random_node,1,781,0,1.0952910999999403,38,0|1,C:\Users\ricca\Documents\Codex\2026-06-15\files-mentioned-by-the-user-bdss\outputs\bdss_rf_robustness_project\results\full_54_grid\appendicitis\trees_5\B_20000\selector_random_node
appendicitis,5,5,20000,shapley,1,781,0,1.0975174000000152,38,0|1,C:\Users\ricca\Documents\Codex\2026-06-15\files-mentioned-by-the-user-bdss\outputs\bdss_rf_robustness_project\results\full_54_grid\appendicitis\trees_5\B_20000\selector_shapley
banknote,10,10,20000,info_gain,126,34264,125,9.157562100000176,32,0|1,C:\Users\ricca\Documents\Codex\2026-06-15\files-mentioned-by-the-user-bdss\outputs\bdss_rf_robustness_project\results\full_54_grid\banknote\trees_10\B_20000\selector_info_gain
banknote,10,10,20000,modal,126,34264,125,8.777950300000043,32,0|1,C:\Users\ricca\Documents\Codex\2026-06-15\files-mentioned-by-the-user-bdss\outputs\bdss_rf_robustness_project\results\full_54_grid\banknote\trees_10\B_20000\selector_modal
banknote,10,10,20000,p_value,126,34264,125,9.396270599999752,32,0|1,C:\Users\ricca\Documents\Codex\2026-06-15\files-mentioned-by-the-user-bdss\outputs\bdss_rf_robustness_project\results\full_54_grid\banknote\trees_10\B_20000\selector_p_value
banknote,10,10,20000,random_node,250,30936,249,116.72705599999972,32,0|1,C:\Users\ricca\Documents\Codex\2026-06-15\files-mentioned-by-the-user-bdss\outputs\bdss_rf_robustness_project\results\full_54_grid\banknote\trees_10\B_20000\selector_random_node
banknote,10,10,20000,shapley,227,32374,226,117.52899900000013,32,0|1,C:\Users\ricca\Documents\Codex\2026-06-15\files-mentioned-by-the-user-bdss\outputs\bdss_rf_robustness_project\results\full_54_grid\banknote\trees_10\B_20000\selector_shapley
banknote,5,5,20000,info_gain,9,22945,8,1.7825259000001097,32,0|1,C:\Users\ricca\Documents\Codex\2026-06-15\files-mentioned-by-the-user-bdss\outputs\bdss_rf_robustness_project\results\full_54_grid\banknote\trees_5\B_20000\selector_info_gain
banknote,5,5,20000,modal,9,22945,8,1.6397268000000622,32,0|1,C:\Users\ricca\Documents\Codex\2026-06-15\files-mentioned-by-the-user-bdss\outputs\bdss_rf_robustness_project\results\full_54_grid\banknote\trees_5\B_20000\selector_modal
banknote,5,5,20000,p_value,9,22945,8,1.7843692000001283,32,0|1,C:\Users\ricca\Documents\Codex\2026-06-15\files-mentioned-by-the-user-bdss\outputs\bdss_rf_robustness_project\results\full_54_grid\banknote\trees_5\B_20000\selector_p_value
banknote,5,5,20000,random_node,4,22945,3,2.624022100000275,32,0|1,C:\Users\ricca\Documents\Codex\2026-06-15\files-mentioned-by-the-user-bdss\outputs\bdss_rf_robustness_project\results\full_54_grid\banknote\trees_5\B_20000\selector_random_node
banknote,5,5,20000,shapley,5,22945,4,1.967851200000041,32,0|1,C:\Users\ricca\Documents\Codex\2026-06-15\files-mentioned-by-the-user-bdss\outputs\bdss_rf_robustness_project\results\full_54_grid\banknote\trees_5\B_20000\selector_shapley
breast-cancer,10,10,20000,info_gain,1,4618,0,1.1332040999996025,22,0|1,C:\Users\ricca\Documents\Codex\2026-06-15\files-mentioned-by-the-user-bdss\outputs\bdss_rf_robustness_project\results\full_54_grid\breast-cancer\trees_10\B_20000\selector_info_gain
breast-cancer,10,10,20000,modal,1,4618,0,1.2107129999999415,22,0|1,C:\Users\ricca\Documents\Codex\2026-06-15\files-mentioned-by-the-user-bdss\outputs\bdss_rf_robustness_project\results\full_54_grid\breast-cancer\trees_10\B_20000\selector_modal
breast-cancer,10,10,20000,p_value,1,4618,0,1.1985701000003246,22,0|1,C:\Users\ricca\Documents\Codex\2026-06-15\files-mentioned-by-the-user-bdss\outputs\bdss_rf_robustness_project\results\full_54_grid\breast-cancer\trees_10\B_20000\selector_p_value
breast-cancer,10,10,20000,random_node,1,4618,0,1.2874520999994274,22,0|1,C:\Users\ricca\Documents\Codex\2026-06-15\files-mentioned-by-the-user-bdss\outputs\bdss_rf_robustness_project\results\full_54_grid\breast-cancer\trees_10\B_20000\selector_random_node
breast-cancer,10,10,20000,shapley,1,4618,0,1.144327599999997,22,0|1,C:\Users\ricca\Documents\Codex\2026-06-15\files-mentioned-by-the-user-bdss\outputs\bdss_rf_robustness_project\results\full_54_grid\breast-cancer\trees_10\B_20000\selector_shapley
breast-cancer,5,5,20000,info_gain,1,804,0,1.678672099999858,22,0|1,C:\Users\ricca\Documents\Codex\2026-06-15\files-mentioned-by-the-user-bdss\outputs\bdss_rf_robustness_project\results\full_54_grid\breast-cancer\trees_5\B_20000\selector_info_gain
breast-cancer,5,5,20000,modal,1,804,0,1.1015846999999894,22,0|1,C:\Users\ricca\Documents\Codex\2026-06-15\files-mentioned-by-the-user-bdss\outputs\bdss_rf_robustness_project\results\full_54_grid\breast-cancer\trees_5\B_20000\selector_modal
breast-cancer,5,5,20000,p_value,1,804,0,1.1370489999999336,22,0|1,C:\Users\ricca\Documents\Codex\2026-06-15\files-mentioned-by-the-user-bdss\outputs\bdss_rf_robustness_project\results\full_54_grid\breast-cancer\trees_5\B_20000\selector_p_value
breast-cancer,5,5,20000,random_node,1,804,0,1.088921499999742,22,0|1,C:\Users\ricca\Documents\Codex\2026-06-15\files-mentioned-by-the-user-bdss\outputs\bdss_rf_robustness_project\results\full_54_grid\breast-cancer\trees_5\B_20000\selector_random_node
breast-cancer,5,5,20000,shapley,1,804,0,1.2005890999998885,22,0|1,C:\Users\ricca\Documents\Codex\2026-06-15\files-mentioned-by-the-user-bdss\outputs\bdss_rf_robustness_project\results\full_54_grid\breast-cancer\trees_5\B_20000\selector_shapley
bupa,10,10,20000,info_gain,4440,40829,4439,176.7289807999996,37,0|1,C:\Users\ricca\Documents\Codex\2026-06-15\files-mentioned-by-the-user-bdss\outputs\bdss_rf_robustness_project\results\full_54_grid\bupa\trees_10\B_20000\selector_info_gain
bupa,10,10,20000,modal,4440,40829,4439,191.31509500000004,37,0|1,C:\Users\ricca\Documents\Codex\2026-06-15\files-mentioned-by-the-user-bdss\outputs\bdss_rf_robustness_project\results\full_54_grid\bupa\trees_10\B_20000\selector_modal
bupa,10,10,20000,p_value,4440,40829,4439,185.2842682999999,37,0|1,C:\Users\ricca\Documents\Codex\2026-06-15\files-mentioned-by-the-user-bdss\outputs\bdss_rf_robustness_project\results\full_54_grid\bupa\trees_10\B_20000\selector_p_value
bupa,5,5,20000,info_gain,523,40829,522,14.89328679999926,37,0|1,C:\Users\ricca\Documents\Codex\2026-06-15\files-mentioned-by-the-user-bdss\outputs\bdss_rf_robustness_project\results\full_54_grid\bupa\trees_5\B_20000\selector_info_gain
bupa,5,5,20000,modal,523,40829,522,16.126402900000016,37,0|1,C:\Users\ricca\Documents\Codex\2026-06-15\files-mentioned-by-the-user-bdss\outputs\bdss_rf_robustness_project\results\full_54_grid\bupa\trees_5\B_20000\selector_modal
bupa,5,5,20000,p_value,523,40829,522,17.18592119999994,37,0|1,C:\Users\ricca\Documents\Codex\2026-06-15\files-mentioned-by-the-user-bdss\outputs\bdss_rf_robustness_project\results\full_54_grid\bupa\trees_5\B_20000\selector_p_value
bupa,5,5,20000,random_node,165,43243,164,70.6120250999993,37,0|1,C:\Users\ricca\Documents\Codex\2026-06-15\files-mentioned-by-the-user-bdss\outputs\bdss_rf_robustness_project\results\full_54_grid\bupa\trees_5\B_20000\selector_random_node
ecoli,10,10,20000,info_gain,4914,37517,4913,165.90133609999975,36,0|1|2|3|4,C:\Users\ricca\Documents\Codex\2026-06-15\files-mentioned-by-the-user-bdss\outputs\bdss_rf_robustness_project\results\full_54_grid\ecoli\trees_10\B_20000\selector_info_gain
ecoli,10,10,20000,modal,4914,37517,4913,197.2252188,36,0|1|2|3|4,C:\Users\ricca\Documents\Codex\2026-06-15\files-mentioned-by-the-user-bdss\outputs\bdss_rf_robustness_project\results\full_54_grid\ecoli\trees_10\B_20000\selector_modal
ecoli,10,10,20000,p_value,4914,37517,4913,185.3083917000004,36,0|1|2|3|4,C:\Users\ricca\Documents\Codex\2026-06-15\files-mentioned-by-the-user-bdss\outputs\bdss_rf_robustness_project\results\full_54_grid\ecoli\trees_10\B_20000\selector_p_value
ecoli,5,5,20000,info_gain,64,32823,63,3.8175722000005408,36,0|1|2|3|4,C:\Users\ricca\Documents\Codex\2026-06-15\files-mentioned-by-the-user-bdss\outputs\bdss_rf_robustness_project\results\full_54_grid\ecoli\trees_5\B_20000\selector_info_gain
ecoli,5,5,20000,modal,64,32823,63,8.15219609999997,36,0|1|2|3|4,C:\Users\ricca\Documents\Codex\2026-06-15\files-mentioned-by-the-user-bdss\outputs\bdss_rf_robustness_project\results\full_54_grid\ecoli\trees_5\B_20000\selector_modal
ecoli,5,5,20000,p_value,64,32823,63,2.9119249000004856,36,0|1|2|3|4,C:\Users\ricca\Documents\Codex\2026-06-15\files-mentioned-by-the-user-bdss\outputs\bdss_rf_robustness_project\results\full_54_grid\ecoli\trees_5\B_20000\selector_p_value
ecoli,5,5,20000,random_node,35,31319,34,12.18353979999938,36,0|1|2|3|4,C:\Users\ricca\Documents\Codex\2026-06-15\files-mentioned-by-the-user-bdss\outputs\bdss_rf_robustness_project\results\full_54_grid\ecoli\trees_5\B_20000\selector_random_node
ecoli,5,5,20000,shapley,42,32614,41,15.799710799999955,36,0|1|2|3|4,C:\Users\ricca\Documents\Codex\2026-06-15\files-mentioned-by-the-user-bdss\outputs\bdss_rf_robustness_project\results\full_54_grid\ecoli\trees_5\B_20000\selector_shapley
glass2,10,10,20000,info_gain,8,37959,7,2.258087400000477,29,0|1,C:\Users\ricca\Documents\Codex\2026-06-15\files-mentioned-by-the-user-bdss\outputs\bdss_rf_robustness_project\results\full_54_grid\glass2\trees_10\B_20000\selector_info_gain
glass2,10,10,20000,modal,8,37959,7,1.935850399999936,29,0|1,C:\Users\ricca\Documents\Codex\2026-06-15\files-mentioned-by-the-user-bdss\outputs\bdss_rf_robustness_project\results\full_54_grid\glass2\trees_10\B_20000\selector_modal
glass2,10,10,20000,p_value,8,37959,7,2.020129699999416,29,0|1,C:\Users\ricca\Documents\Codex\2026-06-15\files-mentioned-by-the-user-bdss\outputs\bdss_rf_robustness_project\results\full_54_grid\glass2\trees_10\B_20000\selector_p_value
glass2,10,10,20000,random_node,25,41660,24,5.410920600000281,29,0|1,C:\Users\ricca\Documents\Codex\2026-06-15\files-mentioned-by-the-user-bdss\outputs\bdss_rf_robustness_project\results\full_54_grid\glass2\trees_10\B_20000\selector_random_node
glass2,10,10,20000,shapley,14,31565,13,4.763714099999561,29,0|1,C:\Users\ricca\Documents\Codex\2026-06-15\files-mentioned-by-the-user-bdss\outputs\bdss_rf_robustness_project\results\full_54_grid\glass2\trees_10\B_20000\selector_shapley
glass2,5,5,20000,info_gain,1,3099,0,1.728668199999447,29,0|1,C:\Users\ricca\Documents\Codex\2026-06-15\files-mentioned-by-the-user-bdss\outputs\bdss_rf_robustness_project\results\full_54_grid\glass2\trees_5\B_20000\selector_info_gain
glass2,5,5,20000,modal,1,3099,0,1.2241492000000562,29,0|1,C:\Users\ricca\Documents\Codex\2026-06-15\files-mentioned-by-the-user-bdss\outputs\bdss_rf_robustness_project\results\full_54_grid\glass2\trees_5\B_20000\selector_modal
glass2,5,5,20000,p_value,1,3099,0,1.1748590000006516,29,0|1,C:\Users\ricca\Documents\Codex\2026-06-15\files-mentioned-by-the-user-bdss\outputs\bdss_rf_robustness_project\results\full_54_grid\glass2\trees_5\B_20000\selector_p_value
glass2,5,5,20000,random_node,1,3099,0,1.1259903000000122,29,0|1,C:\Users\ricca\Documents\Codex\2026-06-15\files-mentioned-by-the-user-bdss\outputs\bdss_rf_robustness_project\results\full_54_grid\glass2\trees_5\B_20000\selector_random_node
glass2,5,5,20000,shapley,1,3099,0,1.2327771000000212,29,0|1,C:\Users\ricca\Documents\Codex\2026-06-15\files-mentioned-by-the-user-bdss\outputs\bdss_rf_robustness_project\results\full_54_grid\glass2\trees_5\B_20000\selector_shapley
haberman,10,10,20000,info_gain,1,1390,0,1.1754106000007596,15,0|1,C:\Users\ricca\Documents\Codex\2026-06-15\files-mentioned-by-the-user-bdss\outputs\bdss_rf_robustness_project\results\full_54_grid\haberman\trees_10\B_20000\selector_info_gain
haberman,10,10,20000,modal,1,1390,0,1.1275821000001542,15,0|1,C:\Users\ricca\Documents\Codex\2026-06-15\files-mentioned-by-the-user-bdss\outputs\bdss_rf_robustness_project\results\full_54_grid\haberman\trees_10\B_20000\selector_modal
haberman,10,10,20000,p_value,1,1390,0,1.1981943000000683,15,0|1,C:\Users\ricca\Documents\Codex\2026-06-15\files-mentioned-by-the-user-bdss\outputs\bdss_rf_robustness_project\results\full_54_grid\haberman\trees_10\B_20000\selector_p_value
haberman,10,10,20000,random_node,1,1390,0,1.1221379999997223,15,0|1,C:\Users\ricca\Documents\Codex\2026-06-15\files-mentioned-by-the-user-bdss\outputs\bdss_rf_robustness_project\results\full_54_grid\haberman\trees_10\B_20000\selector_random_node
haberman,10,10,20000,shapley,1,1390,0,1.1743803999997908,15,0|1,C:\Users\ricca\Documents\Codex\2026-06-15\files-mentioned-by-the-user-bdss\outputs\bdss_rf_robustness_project\results\full_54_grid\haberman\trees_10\B_20000\selector_shapley
haberman,5,5,20000,info_gain,1,492,0,1.082225200000721,15,0|1,C:\Users\ricca\Documents\Codex\2026-06-15\files-mentioned-by-the-user-bdss\outputs\bdss_rf_robustness_project\results\full_54_grid\haberman\trees_5\B_20000\selector_info_gain
haberman,5,5,20000,modal,1,492,0,1.1135598999999274,15,0|1,C:\Users\ricca\Documents\Codex\2026-06-15\files-mentioned-by-the-user-bdss\outputs\bdss_rf_robustness_project\results\full_54_grid\haberman\trees_5\B_20000\selector_modal
haberman,5,5,20000,p_value,1,492,0,1.1914582999997947,15,0|1,C:\Users\ricca\Documents\Codex\2026-06-15\files-mentioned-by-the-user-bdss\outputs\bdss_rf_robustness_project\results\full_54_grid\haberman\trees_5\B_20000\selector_p_value
haberman,5,5,20000,random_node,1,492,0,1.140154299999267,15,0|1,C:\Users\ricca\Documents\Codex\2026-06-15\files-mentioned-by-the-user-bdss\outputs\bdss_rf_robustness_project\results\full_54_grid\haberman\trees_5\B_20000\selector_random_node
haberman,5,5,20000,shapley,1,492,0,1.0540595000002213,15,0|1,C:\Users\ricca\Documents\Codex\2026-06-15\files-mentioned-by-the-user-bdss\outputs\bdss_rf_robustness_project\results\full_54_grid\haberman\trees_5\B_20000\selector_shapley
heart-c,10,10,20000,info_gain,4744,38013,4743,95.30684100000052,37,0|1,C:\Users\ricca\Documents\Codex\2026-06-15\files-mentioned-by-the-user-bdss\outputs\bdss_rf_robustness_project\results\full_54_grid\heart-c\trees_10\B_20000\selector_info_gain
heart-c,10,10,20000,modal,4744,38013,4743,92.43445710000016,37,0|1,C:\Users\ricca\Documents\Codex\2026-06-15\files-mentioned-by-the-user-bdss\outputs\bdss_rf_robustness_project\results\full_54_grid\heart-c\trees_10\B_20000\selector_modal
heart-c,10,10,20000,p_value,4744,38013,4743,101.23421190000045,37,0|1,C:\Users\ricca\Documents\Codex\2026-06-15\files-mentioned-by-the-user-bdss\outputs\bdss_rf_robustness_project\results\full_54_grid\heart-c\trees_10\B_20000\selector_p_value
heart-c,5,5,20000,info_gain,3,23300,2,1.619094199999381,37,0|1,C:\Users\ricca\Documents\Codex\2026-06-15\files-mentioned-by-the-user-bdss\outputs\bdss_rf_robustness_project\results\full_54_grid\heart-c\trees_5\B_20000\selector_info_gain
heart-c,5,5,20000,modal,3,23300,2,1.6044478999999685,37,0|1,C:\Users\ricca\Documents\Codex\2026-06-15\files-mentioned-by-the-user-bdss\outputs\bdss_rf_robustness_project\results\full_54_grid\heart-c\trees_5\B_20000\selector_modal
heart-c,5,5,20000,p_value,3,23300,2,1.7593573999993168,37,0|1,C:\Users\ricca\Documents\Codex\2026-06-15\files-mentioned-by-the-user-bdss\outputs\bdss_rf_robustness_project\results\full_54_grid\heart-c\trees_5\B_20000\selector_p_value
heart-c,5,5,20000,random_node,2,23300,1,1.880117099999552,37,0|1,C:\Users\ricca\Documents\Codex\2026-06-15\files-mentioned-by-the-user-bdss\outputs\bdss_rf_robustness_project\results\full_54_grid\heart-c\trees_5\B_20000\selector_random_node
heart-c,5,5,20000,shapley,2,23300,1,1.7619900999998208,37,0|1,C:\Users\ricca\Documents\Codex\2026-06-15\files-mentioned-by-the-user-bdss\outputs\bdss_rf_robustness_project\results\full_54_grid\heart-c\trees_5\B_20000\selector_shapley
heart-h,10,10,20000,info_gain,29,30827,28,2.2000068000015744,34,0|1,C:\Users\ricca\Documents\Codex\2026-06-15\files-mentioned-by-the-user-bdss\outputs\bdss_rf_robustness_project\results\full_54_grid\heart-h\trees_10\B_20000\selector_info_gain
heart-h,10,10,20000,modal,29,30827,28,1.9350827999999185,34,0|1,C:\Users\ricca\Documents\Codex\2026-06-15\files-mentioned-by-the-user-bdss\outputs\bdss_rf_robustness_project\results\full_54_grid\heart-h\trees_10\B_20000\selector_modal
heart-h,10,10,20000,p_value,29,30827,28,1.9928055000000315,34,0|1,C:\Users\ricca\Documents\Codex\2026-06-15\files-mentioned-by-the-user-bdss\outputs\bdss_rf_robustness_project\results\full_54_grid\heart-h\trees_10\B_20000\selector_p_value
heart-h,10,10,20000,random_node,6,27632,5,2.336402499999167,34,0|1,C:\Users\ricca\Documents\Codex\2026-06-15\files-mentioned-by-the-user-bdss\outputs\bdss_rf_robustness_project\results\full_54_grid\heart-h\trees_10\B_20000\selector_random_node
heart-h,10,10,20000,shapley,3,25087,2,2.139139799999612,34,0|1,C:\Users\ricca\Documents\Codex\2026-06-15\files-mentioned-by-the-user-bdss\outputs\bdss_rf_robustness_project\results\full_54_grid\heart-h\trees_10\B_20000\selector_shapley
heart-h,5,5,20000,info_gain,1,2190,0,1.840373000000909,34,0|1,C:\Users\ricca\Documents\Codex\2026-06-15\files-mentioned-by-the-user-bdss\outputs\bdss_rf_robustness_project\results\full_54_grid\heart-h\trees_5\B_20000\selector_info_gain
heart-h,5,5,20000,modal,1,2190,0,1.133669300000065,34,0|1,C:\Users\ricca\Documents\Codex\2026-06-15\files-mentioned-by-the-user-bdss\outputs\bdss_rf_robustness_project\results\full_54_grid\heart-h\trees_5\B_20000\selector_modal
heart-h,5,5,20000,p_value,1,2190,0,1.1670580999998492,34,0|1,C:\Users\ricca\Documents\Codex\2026-06-15\files-mentioned-by-the-user-bdss\outputs\bdss_rf_robustness_project\results\full_54_grid\heart-h\trees_5\B_20000\selector_p_value
heart-h,5,5,20000,random_node,1,2190,0,1.1354831000007837,34,0|1,C:\Users\ricca\Documents\Codex\2026-06-15\files-mentioned-by-the-user-bdss\outputs\bdss_rf_robustness_project\results\full_54_grid\heart-h\trees_5\B_20000\selector_random_node
heart-h,5,5,20000,shapley,1,2190,0,1.1598406000011892,34,0|1,C:\Users\ricca\Documents\Codex\2026-06-15\files-mentioned-by-the-user-bdss\outputs\bdss_rf_robustness_project\results\full_54_grid\heart-h\trees_5\B_20000\selector_shapley
heart-sa,10,10,20000,info_gain,5086,44581,5085,95.6057925999994,45,0|1,C:\Users\ricca\Documents\Codex\2026-06-15\files-mentioned-by-the-user-bdss\outputs\bdss_rf_robustness_project\results\full_54_grid\heart-sa\trees_10\B_20000\selector_info_gain
heart-sa,10,10,20000,modal,5086,44581,5085,83.6188588,45,0|1,C:\Users\ricca\Documents\Codex\2026-06-15\files-mentioned-by-the-user-bdss\outputs\bdss_rf_robustness_project\results\full_54_grid\heart-sa\trees_10\B_20000\selector_modal
heart-sa,10,10,20000,p_value,5086,44581,5085,97.58227679999982,45,0|1,C:\Users\ricca\Documents\Codex\2026-06-15\files-mentioned-by-the-user-bdss\outputs\bdss_rf_robustness_project\results\full_54_grid\heart-sa\trees_10\B_20000\selector_p_value
heart-sa,5,5,20000,info_gain,1,15680,0,1.2571394000005969,45,0|1,C:\Users\ricca\Documents\Codex\2026-06-15\files-mentioned-by-the-user-bdss\outputs\bdss_rf_robustness_project\results\full_54_grid\heart-sa\trees_5\B_20000\selector_info_gain
heart-sa,5,5,20000,modal,1,15680,0,1.2312971000001198,45,0|1,C:\Users\ricca\Documents\Codex\2026-06-15\files-mentioned-by-the-user-bdss\outputs\bdss_rf_robustness_project\results\full_54_grid\heart-sa\trees_5\B_20000\selector_modal
heart-sa,5,5,20000,p_value,1,15680,0,1.236827300001096,45,0|1,C:\Users\ricca\Documents\Codex\2026-06-15\files-mentioned-by-the-user-bdss\outputs\bdss_rf_robustness_project\results\full_54_grid\heart-sa\trees_5\B_20000\selector_p_value
heart-sa,5,5,20000,random_node,1,15680,0,1.2545927999999549,45,0|1,C:\Users\ricca\Documents\Codex\2026-06-15\files-mentioned-by-the-user-bdss\outputs\bdss_rf_robustness_project\results\full_54_grid\heart-sa\trees_5\B_20000\selector_random_node
heart-sa,5,5,20000,shapley,1,15680,0,1.2756479000017862,45,0|1,C:\Users\ricca\Documents\Codex\2026-06-15\files-mentioned-by-the-user-bdss\outputs\bdss_rf_robustness_project\results\full_54_grid\heart-sa\trees_5\B_20000\selector_shapley
iris,10,10,20000,info_gain,1,1314,0,1.3174390000003768,16,0|1|2,C:\Users\ricca\Documents\Codex\2026-06-15\files-mentioned-by-the-user-bdss\outputs\bdss_rf_robustness_project\results\full_54_grid\iris\trees_10\B_20000\selector_info_gain
iris,10,10,20000,modal,1,1314,0,1.3638897999999244,16,0|1|2,C:\Users\ricca\Documents\Codex\2026-06-15\files-mentioned-by-the-user-bdss\outputs\bdss_rf_robustness_project\results\full_54_grid\iris\trees_10\B_20000\selector_modal
iris,10,10,20000,p_value,1,1314,0,1.1622677000013937,16,0|1|2,C:\Users\ricca\Documents\Codex\2026-06-15\files-mentioned-by-the-user-bdss\outputs\bdss_rf_robustness_project\results\full_54_grid\iris\trees_10\B_20000\selector_p_value
iris,10,10,20000,random_node,1,1314,0,1.205607500000042,16,0|1|2,C:\Users\ricca\Documents\Codex\2026-06-15\files-mentioned-by-the-user-bdss\outputs\bdss_rf_robustness_project\results\full_54_grid\iris\trees_10\B_20000\selector_random_node
iris,10,10,20000,shapley,1,1314,0,1.179756499999712,16,0|1|2,C:\Users\ricca\Documents\Codex\2026-06-15\files-mentioned-by-the-user-bdss\outputs\bdss_rf_robustness_project\results\full_54_grid\iris\trees_10\B_20000\selector_shapley
iris,5,5,20000,info_gain,1,258,0,1.7540047000002232,16,0|1|2,C:\Users\ricca\Documents\Codex\2026-06-15\files-mentioned-by-the-user-bdss\outputs\bdss_rf_robustness_project\results\full_54_grid\iris\trees_5\B_20000\selector_info_gain
iris,5,5,20000,modal,1,258,0,1.3653469999999288,16,0|1|2,C:\Users\ricca\Documents\Codex\2026-06-15\files-mentioned-by-the-user-bdss\outputs\bdss_rf_robustness_project\results\full_54_grid\iris\trees_5\B_20000\selector_modal
iris,5,5,20000,p_value,1,258,0,1.1031604999989213,16,0|1|2,C:\Users\ricca\Documents\Codex\2026-06-15\files-mentioned-by-the-user-bdss\outputs\bdss_rf_robustness_project\results\full_54_grid\iris\trees_5\B_20000\selector_p_value
iris,5,5,20000,random_node,1,258,0,1.2036864000001517,16,0|1|2,C:\Users\ricca\Documents\Codex\2026-06-15\files-mentioned-by-the-user-bdss\outputs\bdss_rf_robustness_project\results\full_54_grid\iris\trees_5\B_20000\selector_random_node
iris,5,5,20000,shapley,1,258,0,1.1815784000009444,16,0|1|2,C:\Users\ricca\Documents\Codex\2026-06-15\files-mentioned-by-the-user-bdss\outputs\bdss_rf_robustness_project\results\full_54_grid\iris\trees_5\B_20000\selector_shapley
lupus,10,10,20000,info_gain,1,505,0,1.178243399999701,13,0|1,C:\Users\ricca\Documents\Codex\2026-06-15\files-mentioned-by-the-user-bdss\outputs\bdss_rf_robustness_project\results\full_54_grid\lupus\trees_10\B_20000\selector_info_gain
lupus,10,10,20000,modal,1,505,0,1.1584097999998448,13,0|1,C:\Users\ricca\Documents\Codex\2026-06-15\files-mentioned-by-the-user-bdss\outputs\bdss_rf_robustness_project\results\full_54_grid\lupus\trees_10\B_20000\selector_modal
lupus,10,10,20000,p_value,1,505,0,1.1373158999995212,13,0|1,C:\Users\ricca\Documents\Codex\2026-06-15\files-mentioned-by-the-user-bdss\outputs\bdss_rf_robustness_project\results\full_54_grid\lupus\trees_10\B_20000\selector_p_value
lupus,10,10,20000,random_node,1,505,0,1.173877100000027,13,0|1,C:\Users\ricca\Documents\Codex\2026-06-15\files-mentioned-by-the-user-bdss\outputs\bdss_rf_robustness_project\results\full_54_grid\lupus\trees_10\B_20000\selector_random_node
lupus,10,10,20000,shapley,1,505,0,1.0765473999999813,13,0|1,C:\Users\ricca\Documents\Codex\2026-06-15\files-mentioned-by-the-user-bdss\outputs\bdss_rf_robustness_project\results\full_54_grid\lupus\trees_10\B_20000\selector_shapley
lupus,5,5,20000,info_gain,1,292,0,1.1324813999999606,13,0|1,C:\Users\ricca\Documents\Codex\2026-06-15\files-mentioned-by-the-user-bdss\outputs\bdss_rf_robustness_project\results\full_54_grid\lupus\trees_5\B_20000\selector_info_gain
lupus,5,5,20000,modal,1,292,0,1.152635299999929,13,0|1,C:\Users\ricca\Documents\Codex\2026-06-15\files-mentioned-by-the-user-bdss\outputs\bdss_rf_robustness_project\results\full_54_grid\lupus\trees_5\B_20000\selector_modal
lupus,5,5,20000,p_value,1,292,0,1.0968547000011313,13,0|1,C:\Users\ricca\Documents\Codex\2026-06-15\files-mentioned-by-the-user-bdss\outputs\bdss_rf_robustness_project\results\full_54_grid\lupus\trees_5\B_20000\selector_p_value
lupus,5,5,20000,random_node,1,292,0,1.0714626999997563,13,0|1,C:\Users\ricca\Documents\Codex\2026-06-15\files-mentioned-by-the-user-bdss\outputs\bdss_rf_robustness_project\results\full_54_grid\lupus\trees_5\B_20000\selector_random_node
lupus,5,5,20000,shapley,1,292,0,1.094998399999895,13,0|1,C:\Users\ricca\Documents\Codex\2026-06-15\files-mentioned-by-the-user-bdss\outputs\bdss_rf_robustness_project\results\full_54_grid\lupus\trees_5\B_20000\selector_shapley
mammo,10,10,20000,info_gain,1,1309,0,1.146690599998692,13,0|1,C:\Users\ricca\Documents\Codex\2026-06-15\files-mentioned-by-the-user-bdss\outputs\bdss_rf_robustness_project\results\full_54_grid\mammo\trees_10\B_20000\selector_info_gain
mammo,10,10,20000,modal,1,1309,0,1.1734134999999242,13,0|1,C:\Users\ricca\Documents\Codex\2026-06-15\files-mentioned-by-the-user-bdss\outputs\bdss_rf_robustness_project\results\full_54_grid\mammo\trees_10\B_20000\selector_modal
mammo,10,10,20000,p_value,1,1309,0,1.12720679999984,13,0|1,C:\Users\ricca\Documents\Codex\2026-06-15\files-mentioned-by-the-user-bdss\outputs\bdss_rf_robustness_project\results\full_54_grid\mammo\trees_10\B_20000\selector_p_value
mammo,10,10,20000,random_node,1,1309,0,1.1003985999996075,13,0|1,C:\Users\ricca\Documents\Codex\2026-06-15\files-mentioned-by-the-user-bdss\outputs\bdss_rf_robustness_project\results\full_54_grid\mammo\trees_10\B_20000\selector_random_node
mammo,10,10,20000,shapley,1,1309,0,1.1014529000003677,13,0|1,C:\Users\ricca\Documents\Codex\2026-06-15\files-mentioned-by-the-user-bdss\outputs\bdss_rf_robustness_project\results\full_54_grid\mammo\trees_10\B_20000\selector_shapley
mammo,5,5,20000,info_gain,1,426,0,1.1219311999993806,13,0|1,C:\Users\ricca\Documents\Codex\2026-06-15\files-mentioned-by-the-user-bdss\outputs\bdss_rf_robustness_project\results\full_54_grid\mammo\trees_5\B_20000\selector_info_gain
mammo,5,5,20000,modal,1,426,0,1.238949699999921,13,0|1,C:\Users\ricca\Documents\Codex\2026-06-15\files-mentioned-by-the-user-bdss\outputs\bdss_rf_robustness_project\results\full_54_grid\mammo\trees_5\B_20000\selector_modal
mammo,5,5,20000,p_value,1,426,0,1.1786099999990256,13,0|1,C:\Users\ricca\Documents\Codex\2026-06-15\files-mentioned-by-the-user-bdss\outputs\bdss_rf_robustness_project\results\full_54_grid\mammo\trees_5\B_20000\selector_p_value
mammo,5,5,20000,random_node,1,426,0,1.1727820000014617,13,0|1,C:\Users\ricca\Documents\Codex\2026-06-15\files-mentioned-by-the-user-bdss\outputs\bdss_rf_robustness_project\results\full_54_grid\mammo\trees_5\B_20000\selector_random_node
mammo,5,5,20000,shapley,1,426,0,1.047527499998978,13,0|1,C:\Users\ricca\Documents\Codex\2026-06-15\files-mentioned-by-the-user-bdss\outputs\bdss_rf_robustness_project\results\full_54_grid\mammo\trees_5\B_20000\selector_shapley
mofn-3-7-10,10,10,20000,info_gain,1,881,0,1.406410900000992,10,0|1,C:\Users\ricca\Documents\Codex\2026-06-15\files-mentioned-by-the-user-bdss\outputs\bdss_rf_robustness_project\results\full_54_grid\mofn-3-7-10\trees_10\B_20000\selector_info_gain
mofn-3-7-10,10,10,20000,modal,1,881,0,1.3315507000002071,10,0|1,C:\Users\ricca\Documents\Codex\2026-06-15\files-mentioned-by-the-user-bdss\outputs\bdss_rf_robustness_project\results\full_54_grid\mofn-3-7-10\trees_10\B_20000\selector_modal
mofn-3-7-10,10,10,20000,p_value,1,881,0,1.353031099999498,10,0|1,C:\Users\ricca\Documents\Codex\2026-06-15\files-mentioned-by-the-user-bdss\outputs\bdss_rf_robustness_project\results\full_54_grid\mofn-3-7-10\trees_10\B_20000\selector_p_value
mofn-3-7-10,10,10,20000,random_node,1,881,0,1.4276256000011929,10,0|1,C:\Users\ricca\Documents\Codex\2026-06-15\files-mentioned-by-the-user-bdss\outputs\bdss_rf_robustness_project\results\full_54_grid\mofn-3-7-10\trees_10\B_20000\selector_random_node
mofn-3-7-10,10,10,20000,shapley,1,881,0,1.2893071999988024,10,0|1,C:\Users\ricca\Documents\Codex\2026-06-15\files-mentioned-by-the-user-bdss\outputs\bdss_rf_robustness_project\results\full_54_grid\mofn-3-7-10\trees_10\B_20000\selector_shapley
mofn-3-7-10,5,5,20000,info_gain,1,573,0,1.2312361000003875,10,0|1,C:\Users\ricca\Documents\Codex\2026-06-15\files-mentioned-by-the-user-bdss\outputs\bdss_rf_robustness_project\results\full_54_grid\mofn-3-7-10\trees_5\B_20000\selector_info_gain
mofn-3-7-10,5,5,20000,modal,1,573,0,1.3076538000000255,10,0|1,C:\Users\ricca\Documents\Codex\2026-06-15\files-mentioned-by-the-user-bdss\outputs\bdss_rf_robustness_project\results\full_54_grid\mofn-3-7-10\trees_5\B_20000\selector_modal
mofn-3-7-10,5,5,20000,p_value,1,573,0,1.2151338999992731,10,0|1,C:\Users\ricca\Documents\Codex\2026-06-15\files-mentioned-by-the-user-bdss\outputs\bdss_rf_robustness_project\results\full_54_grid\mofn-3-7-10\trees_5\B_20000\selector_p_value
mofn-3-7-10,5,5,20000,random_node,1,573,0,1.3458011000002443,10,0|1,C:\Users\ricca\Documents\Codex\2026-06-15\files-mentioned-by-the-user-bdss\outputs\bdss_rf_robustness_project\results\full_54_grid\mofn-3-7-10\trees_5\B_20000\selector_random_node
mofn-3-7-10,5,5,20000,shapley,1,573,0,1.3089326999997866,10,0|1,C:\Users\ricca\Documents\Codex\2026-06-15\files-mentioned-by-the-user-bdss\outputs\bdss_rf_robustness_project\results\full_54_grid\mofn-3-7-10\trees_5\B_20000\selector_shapley
new-thyroid,10,10,20000,info_gain,105,35000,104,4.869170800000575,28,0|1|2,C:\Users\ricca\Documents\Codex\2026-06-15\files-mentioned-by-the-user-bdss\outputs\bdss_rf_robustness_project\results\full_54_grid\new-thyroid\trees_10\B_20000\selector_info_gain
new-thyroid,10,10,20000,modal,105,35000,104,5.139294299999847,28,0|1|2,C:\Users\ricca\Documents\Codex\2026-06-15\files-mentioned-by-the-user-bdss\outputs\bdss_rf_robustness_project\results\full_54_grid\new-thyroid\trees_10\B_20000\selector_modal
new-thyroid,10,10,20000,p_value,105,35000,104,4.542269499999748,28,0|1|2,C:\Users\ricca\Documents\Codex\2026-06-15\files-mentioned-by-the-user-bdss\outputs\bdss_rf_robustness_project\results\full_54_grid\new-thyroid\trees_10\B_20000\selector_p_value
new-thyroid,10,10,20000,random_node,24,28274,23,5.235980600000403,28,0|1|2,C:\Users\ricca\Documents\Codex\2026-06-15\files-mentioned-by-the-user-bdss\outputs\bdss_rf_robustness_project\results\full_54_grid\new-thyroid\trees_10\B_20000\selector_random_node
new-thyroid,10,10,20000,shapley,33,34527,32,9.775161300000036,28,0|1|2,C:\Users\ricca\Documents\Codex\2026-06-15\files-mentioned-by-the-user-bdss\outputs\bdss_rf_robustness_project\results\full_54_grid\new-thyroid\trees_10\B_20000\selector_shapley
new-thyroid,5,5,20000,info_gain,1,9426,0,1.3635088999999423,28,0|1|2,C:\Users\ricca\Documents\Codex\2026-06-15\files-mentioned-by-the-user-bdss\outputs\bdss_rf_robustness_project\results\full_54_grid\new-thyroid\trees_5\B_20000\selector_info_gain
new-thyroid,5,5,20000,modal,1,9426,0,1.2219044999999369,28,0|1|2,C:\Users\ricca\Documents\Codex\2026-06-15\files-mentioned-by-the-user-bdss\outputs\bdss_rf_robustness_project\results\full_54_grid\new-thyroid\trees_5\B_20000\selector_modal
new-thyroid,5,5,20000,p_value,1,9426,0,1.1272449999996752,28,0|1|2,C:\Users\ricca\Documents\Codex\2026-06-15\files-mentioned-by-the-user-bdss\outputs\bdss_rf_robustness_project\results\full_54_grid\new-thyroid\trees_5\B_20000\selector_p_value
new-thyroid,5,5,20000,random_node,1,9426,0,1.14000440000018,28,0|1|2,C:\Users\ricca\Documents\Codex\2026-06-15\files-mentioned-by-the-user-bdss\outputs\bdss_rf_robustness_project\results\full_54_grid\new-thyroid\trees_5\B_20000\selector_random_node
new-thyroid,5,5,20000,shapley,1,9426,0,1.289752299999236,28,0|1|2,C:\Users\ricca\Documents\Codex\2026-06-15\files-mentioned-by-the-user-bdss\outputs\bdss_rf_robustness_project\results\full_54_grid\new-thyroid\trees_5\B_20000\selector_shapley
seismic_bumps,10,10,20000,info_gain,1626,33898,1625,47.88026530000025,67,0|1,C:\Users\ricca\Documents\Codex\2026-06-15\files-mentioned-by-the-user-bdss\outputs\bdss_rf_robustness_project\results\full_54_grid\seismic_bumps\trees_10\B_20000\selector_info_gain
seismic_bumps,10,10,20000,modal,1626,33898,1625,34.82428709999999,67,0|1,C:\Users\ricca\Documents\Codex\2026-06-15\files-mentioned-by-the-user-bdss\outputs\bdss_rf_robustness_project\results\full_54_grid\seismic_bumps\trees_10\B_20000\selector_modal
seismic_bumps,10,10,20000,p_value,1626,33898,1625,40.459499499998856,67,0|1,C:\Users\ricca\Documents\Codex\2026-06-15\files-mentioned-by-the-user-bdss\outputs\bdss_rf_robustness_project\results\full_54_grid\seismic_bumps\trees_10\B_20000\selector_p_value
seismic_bumps,5,5,20000,info_gain,1,11936,0,1.5958086999999068,67,0|1,C:\Users\ricca\Documents\Codex\2026-06-15\files-mentioned-by-the-user-bdss\outputs\bdss_rf_robustness_project\results\full_54_grid\seismic_bumps\trees_5\B_20000\selector_info_gain
seismic_bumps,5,5,20000,modal,1,11936,0,1.8625769000000216,67,0|1,C:\Users\ricca\Documents\Codex\2026-06-15\files-mentioned-by-the-user-bdss\outputs\bdss_rf_robustness_project\results\full_54_grid\seismic_bumps\trees_5\B_20000\selector_modal
seismic_bumps,5,5,20000,p_value,1,11936,0,1.5262990000010177,67,0|1,C:\Users\ricca\Documents\Codex\2026-06-15\files-mentioned-by-the-user-bdss\outputs\bdss_rf_robustness_project\results\full_54_grid\seismic_bumps\trees_5\B_20000\selector_p_value
seismic_bumps,5,5,20000,random_node,1,11936,0,1.812358099999983,67,0|1,C:\Users\ricca\Documents\Codex\2026-06-15\files-mentioned-by-the-user-bdss\outputs\bdss_rf_robustness_project\results\full_54_grid\seismic_bumps\trees_5\B_20000\selector_random_node
seismic_bumps,5,5,20000,shapley,1,11936,0,1.5972856000007596,67,0|1,C:\Users\ricca\Documents\Codex\2026-06-15\files-mentioned-by-the-user-bdss\outputs\bdss_rf_robustness_project\results\full_54_grid\seismic_bumps\trees_5\B_20000\selector_shapley
spect,10,10,20000,info_gain,1,5473,0,1.242149599998811,22,0|1,C:\Users\ricca\Documents\Codex\2026-06-15\files-mentioned-by-the-user-bdss\outputs\bdss_rf_robustness_project\results\full_54_grid\spect\trees_10\B_20000\selector_info_gain
spect,10,10,20000,modal,1,5473,0,1.271188200000097,22,0|1,C:\Users\ricca\Documents\Codex\2026-06-15\files-mentioned-by-the-user-bdss\outputs\bdss_rf_robustness_project\results\full_54_grid\spect\trees_10\B_20000\selector_modal
spect,10,10,20000,p_value,1,5473,0,1.3493316999993112,22,0|1,C:\Users\ricca\Documents\Codex\2026-06-15\files-mentioned-by-the-user-bdss\outputs\bdss_rf_robustness_project\results\full_54_grid\spect\trees_10\B_20000\selector_p_value
spect,10,10,20000,random_node,1,5473,0,1.3970720999986952,22,0|1,C:\Users\ricca\Documents\Codex\2026-06-15\files-mentioned-by-the-user-bdss\outputs\bdss_rf_robustness_project\results\full_54_grid\spect\trees_10\B_20000\selector_random_node
spect,10,10,20000,shapley,1,5473,0,1.225399800001469,22,0|1,C:\Users\ricca\Documents\Codex\2026-06-15\files-mentioned-by-the-user-bdss\outputs\bdss_rf_robustness_project\results\full_54_grid\spect\trees_10\B_20000\selector_shapley
spect,5,5,20000,info_gain,1,468,0,1.7457505999991554,22,0|1,C:\Users\ricca\Documents\Codex\2026-06-15\files-mentioned-by-the-user-bdss\outputs\bdss_rf_robustness_project\results\full_54_grid\spect\trees_5\B_20000\selector_info_gain
spect,5,5,20000,modal,1,468,0,1.1581332000000657,22,0|1,C:\Users\ricca\Documents\Codex\2026-06-15\files-mentioned-by-the-user-bdss\outputs\bdss_rf_robustness_project\results\full_54_grid\spect\trees_5\B_20000\selector_modal
spect,5,5,20000,p_value,1,468,0,1.2629828000008274,22,0|1,C:\Users\ricca\Documents\Codex\2026-06-15\files-mentioned-by-the-user-bdss\outputs\bdss_rf_robustness_project\results\full_54_grid\spect\trees_5\B_20000\selector_p_value
spect,5,5,20000,random_node,1,468,0,1.1658576999998331,22,0|1,C:\Users\ricca\Documents\Codex\2026-06-15\files-mentioned-by-the-user-bdss\outputs\bdss_rf_robustness_project\results\full_54_grid\spect\trees_5\B_20000\selector_random_node
spect,5,5,20000,shapley,1,468,0,1.1431135999991966,22,0|1,C:\Users\ricca\Documents\Codex\2026-06-15\files-mentioned-by-the-user-bdss\outputs\bdss_rf_robustness_project\results\full_54_grid\spect\trees_5\B_20000\selector_shapley
threeOf9,10,10,20000,info_gain,1,295,0,1.148368500000288,9,0|1,C:\Users\ricca\Documents\Codex\2026-06-15\files-mentioned-by-the-user-bdss\outputs\bdss_rf_robustness_project\results\full_54_grid\threeOf9\trees_10\B_20000\selector_info_gain
threeOf9,10,10,20000,modal,1,295,0,1.1998424000000796,9,0|1,C:\Users\ricca\Documents\Codex\2026-06-15\files-mentioned-by-the-user-bdss\outputs\bdss_rf_robustness_project\results\full_54_grid\threeOf9\trees_10\B_20000\selector_modal
threeOf9,10,10,20000,p_value,1,295,0,1.0675127999984395,9,0|1,C:\Users\ricca\Documents\Codex\2026-06-15\files-mentioned-by-the-user-bdss\outputs\bdss_rf_robustness_project\results\full_54_grid\threeOf9\trees_10\B_20000\selector_p_value
threeOf9,10,10,20000,random_node,1,295,0,1.1573613999989902,9,0|1,C:\Users\ricca\Documents\Codex\2026-06-15\files-mentioned-by-the-user-bdss\outputs\bdss_rf_robustness_project\results\full_54_grid\threeOf9\trees_10\B_20000\selector_random_node
threeOf9,10,10,20000,shapley,1,295,0,1.0703121999995346,9,0|1,C:\Users\ricca\Documents\Codex\2026-06-15\files-mentioned-by-the-user-bdss\outputs\bdss_rf_robustness_project\results\full_54_grid\threeOf9\trees_10\B_20000\selector_shapley
threeOf9,5,5,20000,info_gain,1,201,0,1.1896624000000884,9,0|1,C:\Users\ricca\Documents\Codex\2026-06-15\files-mentioned-by-the-user-bdss\outputs\bdss_rf_robustness_project\results\full_54_grid\threeOf9\trees_5\B_20000\selector_info_gain
threeOf9,5,5,20000,modal,1,201,0,1.0894846000001053,9,0|1,C:\Users\ricca\Documents\Codex\2026-06-15\files-mentioned-by-the-user-bdss\outputs\bdss_rf_robustness_project\results\full_54_grid\threeOf9\trees_5\B_20000\selector_modal
threeOf9,5,5,20000,p_value,1,201,0,1.071705300000758,9,0|1,C:\Users\ricca\Documents\Codex\2026-06-15\files-mentioned-by-the-user-bdss\outputs\bdss_rf_robustness_project\results\full_54_grid\threeOf9\trees_5\B_20000\selector_p_value
threeOf9,5,5,20000,random_node,1,201,0,1.0662587999995594,9,0|1,C:\Users\ricca\Documents\Codex\2026-06-15\files-mentioned-by-the-user-bdss\outputs\bdss_rf_robustness_project\results\full_54_grid\threeOf9\trees_5\B_20000\selector_random_node
threeOf9,5,5,20000,shapley,1,201,0,1.084862100000464,9,0|1,C:\Users\ricca\Documents\Codex\2026-06-15\files-mentioned-by-the-user-bdss\outputs\bdss_rf_robustness_project\results\full_54_grid\threeOf9\trees_5\B_20000\selector_shapley
xd6,10,10,20000,info_gain,1,520,0,1.124171600000409,9,0|1,C:\Users\ricca\Documents\Codex\2026-06-15\files-mentioned-by-the-user-bdss\outputs\bdss_rf_robustness_project\results\full_54_grid\xd6\trees_10\B_20000\selector_info_gain
xd6,10,10,20000,modal,1,520,0,1.146571899999799,9,0|1,C:\Users\ricca\Documents\Codex\2026-06-15\files-mentioned-by-the-user-bdss\outputs\bdss_rf_robustness_project\results\full_54_grid\xd6\trees_10\B_20000\selector_modal
xd6,10,10,20000,p_value,1,520,0,1.211534300000494,9,0|1,C:\Users\ricca\Documents\Codex\2026-06-15\files-mentioned-by-the-user-bdss\outputs\bdss_rf_robustness_project\results\full_54_grid\xd6\trees_10\B_20000\selector_p_value
xd6,10,10,20000,random_node,1,520,0,1.2054324000000634,9,0|1,C:\Users\ricca\Documents\Codex\2026-06-15\files-mentioned-by-the-user-bdss\outputs\bdss_rf_robustness_project\results\full_54_grid\xd6\trees_10\B_20000\selector_random_node
xd6,10,10,20000,shapley,1,520,0,1.2783115000002,9,0|1,C:\Users\ricca\Documents\Codex\2026-06-15\files-mentioned-by-the-user-bdss\outputs\bdss_rf_robustness_project\results\full_54_grid\xd6\trees_10\B_20000\selector_shapley
xd6,5,5,20000,info_gain,1,373,0,1.113335799998822,9,0|1,C:\Users\ricca\Documents\Codex\2026-06-15\files-mentioned-by-the-user-bdss\outputs\bdss_rf_robustness_project\results\full_54_grid\xd6\trees_5\B_20000\selector_info_gain
xd6,5,5,20000,modal,1,373,0,1.1578498999999738,9,0|1,C:\Users\ricca\Documents\Codex\2026-06-15\files-mentioned-by-the-user-bdss\outputs\bdss_rf_robustness_project\results\full_54_grid\xd6\trees_5\B_20000\selector_modal
xd6,5,5,20000,p_value,1,373,0,1.10467460000109,9,0|1,C:\Users\ricca\Documents\Codex\2026-06-15\files-mentioned-by-the-user-bdss\outputs\bdss_rf_robustness_project\results\full_54_grid\xd6\trees_5\B_20000\selector_p_value
xd6,5,5,20000,random_node,1,373,0,1.1302405999995244,9,0|1,C:\Users\ricca\Documents\Codex\2026-06-15\files-mentioned-by-the-user-bdss\outputs\bdss_rf_robustness_project\results\full_54_grid\xd6\trees_5\B_20000\selector_random_node
xd6,5,5,20000,shapley,1,373,0,1.1108887999998842,9,0|1,C:\Users\ricca\Documents\Codex\2026-06-15\files-mentioned-by-the-user-bdss\outputs\bdss_rf_robustness_project\results\full_54_grid\xd6\trees_5\B_20000\selector_shapley
