budget,dataset,elapsed_seconds,error,run_dir,selector,status,timeout_seconds,trees
20000,bupa,300.0571737999999,"Timeout after 300 seconds

STDOUT:


STDERR:
C:\Users\ricca\Documents\Codex\2026-06-15\files-mentioned-by-the-user-bdss\outputs\bdss_rf_robustness_project\.venv\Lib\site-packages\sklearn\base.py:525: InconsistentVersionWarning: Trying to unpickle estimator DecisionTreeClassifier from version 1.4.2 when using version 1.9.0. This might lead to breaking code or invalid results. Use at your own risk. For more info please refer to:
https://scikit-learn.org/stable/model_persistence.html#security-maintainability-limitations
  warnings.warn(
C:\Users\ricca\Documents\Codex\2026-06-15\files-mentioned-by-the-user-bdss\outputs\bdss_rf_robustness_project\.venv\Lib\site-packages\sklearn\base.py:525: InconsistentVersionWarning: Trying to unpickle estimator RandomForestClassifier from version 1.4.2 when using version 1.9.0. This might lead to breaking code or invalid results. Use at your own risk. For more info please refer to:
https://scikit-learn.org/stable/model_persistence.html#security-maintainability-limitations
  warnings.warn(
",C:\Users\ricca\Documents\Codex\2026-06-15\files-mentioned-by-the-user-bdss\outputs\bdss_rf_robustness_project\results\full_54_grid\bupa\trees_10\B_20000\selector_info_gain,info_gain,timeout,300,10
20000,bupa,300.1053481,"Timeout after 300 seconds

STDOUT:


STDERR:
C:\Users\ricca\Documents\Codex\2026-06-15\files-mentioned-by-the-user-bdss\outputs\bdss_rf_robustness_project\.venv\Lib\site-packages\sklearn\base.py:525: InconsistentVersionWarning: Trying to unpickle estimator DecisionTreeClassifier from version 1.4.2 when using version 1.9.0. This might lead to breaking code or invalid results. Use at your own risk. For more info please refer to:
https://scikit-learn.org/stable/model_persistence.html#security-maintainability-limitations
  warnings.warn(
C:\Users\ricca\Documents\Codex\2026-06-15\files-mentioned-by-the-user-bdss\outputs\bdss_rf_robustness_project\.venv\Lib\site-packages\sklearn\base.py:525: InconsistentVersionWarning: Trying to unpickle estimator RandomForestClassifier from version 1.4.2 when using version 1.9.0. This might lead to breaking code or invalid results. Use at your own risk. For more info please refer to:
https://scikit-learn.org/stable/model_persistence.html#security-maintainability-limitations
  warnings.warn(
",C:\Users\ricca\Documents\Codex\2026-06-15\files-mentioned-by-the-user-bdss\outputs\bdss_rf_robustness_project\results\full_54_grid\bupa\trees_10\B_20000\selector_modal,modal,timeout,300,10
20000,bupa,300.0794999,"Timeout after 300 seconds

STDOUT:


STDERR:
C:\Users\ricca\Documents\Codex\2026-06-15\files-mentioned-by-the-user-bdss\outputs\bdss_rf_robustness_project\.venv\Lib\site-packages\sklearn\base.py:525: InconsistentVersionWarning: Trying to unpickle estimator DecisionTreeClassifier from version 1.4.2 when using version 1.9.0. This might lead to breaking code or invalid results. Use at your own risk. For more info please refer to:
https://scikit-learn.org/stable/model_persistence.html#security-maintainability-limitations
  warnings.warn(
C:\Users\ricca\Documents\Codex\2026-06-15\files-mentioned-by-the-user-bdss\outputs\bdss_rf_robustness_project\.venv\Lib\site-packages\sklearn\base.py:525: InconsistentVersionWarning: Trying to unpickle estimator RandomForestClassifier from version 1.4.2 when using version 1.9.0. This might lead to breaking code or invalid results. Use at your own risk. For more info please refer to:
https://scikit-learn.org/stable/model_persistence.html#security-maintainability-limitations
  warnings.warn(
",C:\Users\ricca\Documents\Codex\2026-06-15\files-mentioned-by-the-user-bdss\outputs\bdss_rf_robustness_project\results\full_54_grid\bupa\trees_10\B_20000\selector_p_value,p_value,timeout,300,10
20000,bupa,300.1364439000008,"Timeout after 300 seconds

STDOUT:


STDERR:
C:\Users\ricca\Documents\Codex\2026-06-15\files-mentioned-by-the-user-bdss\outputs\bdss_rf_robustness_project\.venv\Lib\site-packages\sklearn\base.py:525: InconsistentVersionWarning: Trying to unpickle estimator DecisionTreeClassifier from version 1.4.2 when using version 1.9.0. This might lead to breaking code or invalid results. Use at your own risk. For more info please refer to:
https://scikit-learn.org/stable/model_persistence.html#security-maintainability-limitations
  warnings.warn(
C:\Users\ricca\Documents\Codex\2026-06-15\files-mentioned-by-the-user-bdss\outputs\bdss_rf_robustness_project\.venv\Lib\site-packages\sklearn\base.py:525: InconsistentVersionWarning: Trying to unpickle estimator RandomForestClassifier from version 1.4.2 when using version 1.9.0. This might lead to breaking code or invalid results. Use at your own risk. For more info please refer to:
https://scikit-learn.org/stable/model_persistence.html#security-maintainability-limitations
  warnings.warn(
",C:\Users\ricca\Documents\Codex\2026-06-15\files-mentioned-by-the-user-bdss\outputs\bdss_rf_robustness_project\results\full_54_grid\bupa\trees_10\B_20000\selector_random_node,random_node,timeout,300,10
20000,bupa,300.17527169999994,"Timeout after 300 seconds

STDOUT:


STDERR:
C:\Users\ricca\Documents\Codex\2026-06-15\files-mentioned-by-the-user-bdss\outputs\bdss_rf_robustness_project\.venv\Lib\site-packages\sklearn\base.py:525: InconsistentVersionWarning: Trying to unpickle estimator DecisionTreeClassifier from version 1.4.2 when using version 1.9.0. This might lead to breaking code or invalid results. Use at your own risk. For more info please refer to:
https://scikit-learn.org/stable/model_persistence.html#security-maintainability-limitations
  warnings.warn(
C:\Users\ricca\Documents\Codex\2026-06-15\files-mentioned-by-the-user-bdss\outputs\bdss_rf_robustness_project\.venv\Lib\site-packages\sklearn\base.py:525: InconsistentVersionWarning: Trying to unpickle estimator RandomForestClassifier from version 1.4.2 when using version 1.9.0. This might lead to breaking code or invalid results. Use at your own risk. For more info please refer to:
https://scikit-learn.org/stable/model_persistence.html#security-maintainability-limitations
  warnings.warn(
",C:\Users\ricca\Documents\Codex\2026-06-15\files-mentioned-by-the-user-bdss\outputs\bdss_rf_robustness_project\results\full_54_grid\bupa\trees_10\B_20000\selector_shapley,shapley,timeout,300,10
20000,bupa,300.23102990000007,"Timeout after 300 seconds

STDOUT:


STDERR:
C:\Users\ricca\Documents\Codex\2026-06-15\files-mentioned-by-the-user-bdss\outputs\bdss_rf_robustness_project\.venv\Lib\site-packages\sklearn\base.py:525: InconsistentVersionWarning: Trying to unpickle estimator DecisionTreeClassifier from version 1.4.2 when using version 1.9.0. This might lead to breaking code or invalid results. Use at your own risk. For more info please refer to:
https://scikit-learn.org/stable/model_persistence.html#security-maintainability-limitations
  warnings.warn(
C:\Users\ricca\Documents\Codex\2026-06-15\files-mentioned-by-the-user-bdss\outputs\bdss_rf_robustness_project\.venv\Lib\site-packages\sklearn\base.py:525: InconsistentVersionWarning: Trying to unpickle estimator RandomForestClassifier from version 1.4.2 when using version 1.9.0. This might lead to breaking code or invalid results. Use at your own risk. For more info please refer to:
https://scikit-learn.org/stable/model_persistence.html#security-maintainability-limitations
  warnings.warn(
",C:\Users\ricca\Documents\Codex\2026-06-15\files-mentioned-by-the-user-bdss\outputs\bdss_rf_robustness_project\results\full_54_grid\bupa\trees_5\B_20000\selector_shapley,shapley,timeout,300,5
20000,ecoli,300.0149757999998,"Timeout after 300 seconds

STDOUT:


STDERR:
C:\Users\ricca\Documents\Codex\2026-06-15\files-mentioned-by-the-user-bdss\outputs\bdss_rf_robustness_project\.venv\Lib\site-packages\sklearn\base.py:525: InconsistentVersionWarning: Trying to unpickle estimator DecisionTreeClassifier from version 1.4.2 when using version 1.9.0. This might lead to breaking code or invalid results. Use at your own risk. For more info please refer to:
https://scikit-learn.org/stable/model_persistence.html#security-maintainability-limitations
  warnings.warn(
C:\Users\ricca\Documents\Codex\2026-06-15\files-mentioned-by-the-user-bdss\outputs\bdss_rf_robustness_project\.venv\Lib\site-packages\sklearn\base.py:525: InconsistentVersionWarning: Trying to unpickle estimator RandomForestClassifier from version 1.4.2 when using version 1.9.0. This might lead to breaking code or invalid results. Use at your own risk. For more info please refer to:
https://scikit-learn.org/stable/model_persistence.html#security-maintainability-limitations
  warnings.warn(
",C:\Users\ricca\Documents\Codex\2026-06-15\files-mentioned-by-the-user-bdss\outputs\bdss_rf_robustness_project\results\full_54_grid\ecoli\trees_10\B_20000\selector_info_gain,info_gain,timeout,300,10
20000,ecoli,300.0100320999999,"Timeout after 300 seconds

STDOUT:


STDERR:
C:\Users\ricca\Documents\Codex\2026-06-15\files-mentioned-by-the-user-bdss\outputs\bdss_rf_robustness_project\.venv\Lib\site-packages\sklearn\base.py:525: InconsistentVersionWarning: Trying to unpickle estimator DecisionTreeClassifier from version 1.4.2 when using version 1.9.0. This might lead to breaking code or invalid results. Use at your own risk. For more info please refer to:
https://scikit-learn.org/stable/model_persistence.html#security-maintainability-limitations
  warnings.warn(
C:\Users\ricca\Documents\Codex\2026-06-15\files-mentioned-by-the-user-bdss\outputs\bdss_rf_robustness_project\.venv\Lib\site-packages\sklearn\base.py:525: InconsistentVersionWarning: Trying to unpickle estimator RandomForestClassifier from version 1.4.2 when using version 1.9.0. This might lead to breaking code or invalid results. Use at your own risk. For more info please refer to:
https://scikit-learn.org/stable/model_persistence.html#security-maintainability-limitations
  warnings.warn(
",C:\Users\ricca\Documents\Codex\2026-06-15\files-mentioned-by-the-user-bdss\outputs\bdss_rf_robustness_project\results\full_54_grid\ecoli\trees_10\B_20000\selector_modal,modal,timeout,300,10
20000,ecoli,300.0287625000001,"Timeout after 300 seconds

STDOUT:


STDERR:
C:\Users\ricca\Documents\Codex\2026-06-15\files-mentioned-by-the-user-bdss\outputs\bdss_rf_robustness_project\.venv\Lib\site-packages\sklearn\base.py:525: InconsistentVersionWarning: Trying to unpickle estimator DecisionTreeClassifier from version 1.4.2 when using version 1.9.0. This might lead to breaking code or invalid results. Use at your own risk. For more info please refer to:
https://scikit-learn.org/stable/model_persistence.html#security-maintainability-limitations
  warnings.warn(
C:\Users\ricca\Documents\Codex\2026-06-15\files-mentioned-by-the-user-bdss\outputs\bdss_rf_robustness_project\.venv\Lib\site-packages\sklearn\base.py:525: InconsistentVersionWarning: Trying to unpickle estimator RandomForestClassifier from version 1.4.2 when using version 1.9.0. This might lead to breaking code or invalid results. Use at your own risk. For more info please refer to:
https://scikit-learn.org/stable/model_persistence.html#security-maintainability-limitations
  warnings.warn(
",C:\Users\ricca\Documents\Codex\2026-06-15\files-mentioned-by-the-user-bdss\outputs\bdss_rf_robustness_project\results\full_54_grid\ecoli\trees_10\B_20000\selector_p_value,p_value,timeout,300,10
20000,ecoli,300.2969327999999,"Timeout after 300 seconds

STDOUT:


STDERR:
C:\Users\ricca\Documents\Codex\2026-06-15\files-mentioned-by-the-user-bdss\outputs\bdss_rf_robustness_project\.venv\Lib\site-packages\sklearn\base.py:525: InconsistentVersionWarning: Trying to unpickle estimator DecisionTreeClassifier from version 1.4.2 when using version 1.9.0. This might lead to breaking code or invalid results. Use at your own risk. For more info please refer to:
https://scikit-learn.org/stable/model_persistence.html#security-maintainability-limitations
  warnings.warn(
C:\Users\ricca\Documents\Codex\2026-06-15\files-mentioned-by-the-user-bdss\outputs\bdss_rf_robustness_project\.venv\Lib\site-packages\sklearn\base.py:525: InconsistentVersionWarning: Trying to unpickle estimator RandomForestClassifier from version 1.4.2 when using version 1.9.0. This might lead to breaking code or invalid results. Use at your own risk. For more info please refer to:
https://scikit-learn.org/stable/model_persistence.html#security-maintainability-limitations
  warnings.warn(
",C:\Users\ricca\Documents\Codex\2026-06-15\files-mentioned-by-the-user-bdss\outputs\bdss_rf_robustness_project\results\full_54_grid\ecoli\trees_10\B_20000\selector_random_node,random_node,timeout,300,10
20000,ecoli,300.13242510000055,"Timeout after 300 seconds

STDOUT:


STDERR:
C:\Users\ricca\Documents\Codex\2026-06-15\files-mentioned-by-the-user-bdss\outputs\bdss_rf_robustness_project\.venv\Lib\site-packages\sklearn\base.py:525: InconsistentVersionWarning: Trying to unpickle estimator DecisionTreeClassifier from version 1.4.2 when using version 1.9.0. This might lead to breaking code or invalid results. Use at your own risk. For more info please refer to:
https://scikit-learn.org/stable/model_persistence.html#security-maintainability-limitations
  warnings.warn(
C:\Users\ricca\Documents\Codex\2026-06-15\files-mentioned-by-the-user-bdss\outputs\bdss_rf_robustness_project\.venv\Lib\site-packages\sklearn\base.py:525: InconsistentVersionWarning: Trying to unpickle estimator RandomForestClassifier from version 1.4.2 when using version 1.9.0. This might lead to breaking code or invalid results. Use at your own risk. For more info please refer to:
https://scikit-learn.org/stable/model_persistence.html#security-maintainability-limitations
  warnings.warn(
",C:\Users\ricca\Documents\Codex\2026-06-15\files-mentioned-by-the-user-bdss\outputs\bdss_rf_robustness_project\results\full_54_grid\ecoli\trees_10\B_20000\selector_shapley,shapley,timeout,300,10
20000,heart-c,300.01039630000014,"Timeout after 300 seconds

STDOUT:


STDERR:
C:\Users\ricca\Documents\Codex\2026-06-15\files-mentioned-by-the-user-bdss\outputs\bdss_rf_robustness_project\.venv\Lib\site-packages\sklearn\base.py:525: InconsistentVersionWarning: Trying to unpickle estimator DecisionTreeClassifier from version 1.4.2 when using version 1.9.0. This might lead to breaking code or invalid results. Use at your own risk. For more info please refer to:
https://scikit-learn.org/stable/model_persistence.html#security-maintainability-limitations
  warnings.warn(
C:\Users\ricca\Documents\Codex\2026-06-15\files-mentioned-by-the-user-bdss\outputs\bdss_rf_robustness_project\.venv\Lib\site-packages\sklearn\base.py:525: InconsistentVersionWarning: Trying to unpickle estimator RandomForestClassifier from version 1.4.2 when using version 1.9.0. This might lead to breaking code or invalid results. Use at your own risk. For more info please refer to:
https://scikit-learn.org/stable/model_persistence.html#security-maintainability-limitations
  warnings.warn(
",C:\Users\ricca\Documents\Codex\2026-06-15\files-mentioned-by-the-user-bdss\outputs\bdss_rf_robustness_project\results\full_54_grid\heart-c\trees_10\B_20000\selector_info_gain,info_gain,timeout,300,10
20000,heart-c,300.0194676000001,"Timeout after 300 seconds

STDOUT:


STDERR:
C:\Users\ricca\Documents\Codex\2026-06-15\files-mentioned-by-the-user-bdss\outputs\bdss_rf_robustness_project\.venv\Lib\site-packages\sklearn\base.py:525: InconsistentVersionWarning: Trying to unpickle estimator DecisionTreeClassifier from version 1.4.2 when using version 1.9.0. This might lead to breaking code or invalid results. Use at your own risk. For more info please refer to:
https://scikit-learn.org/stable/model_persistence.html#security-maintainability-limitations
  warnings.warn(
C:\Users\ricca\Documents\Codex\2026-06-15\files-mentioned-by-the-user-bdss\outputs\bdss_rf_robustness_project\.venv\Lib\site-packages\sklearn\base.py:525: InconsistentVersionWarning: Trying to unpickle estimator RandomForestClassifier from version 1.4.2 when using version 1.9.0. This might lead to breaking code or invalid results. Use at your own risk. For more info please refer to:
https://scikit-learn.org/stable/model_persistence.html#security-maintainability-limitations
  warnings.warn(
",C:\Users\ricca\Documents\Codex\2026-06-15\files-mentioned-by-the-user-bdss\outputs\bdss_rf_robustness_project\results\full_54_grid\heart-c\trees_10\B_20000\selector_modal,modal,timeout,300,10
20000,heart-c,300.02473830000054,"Timeout after 300 seconds

STDOUT:


STDERR:
C:\Users\ricca\Documents\Codex\2026-06-15\files-mentioned-by-the-user-bdss\outputs\bdss_rf_robustness_project\.venv\Lib\site-packages\sklearn\base.py:525: InconsistentVersionWarning: Trying to unpickle estimator DecisionTreeClassifier from version 1.4.2 when using version 1.9.0. This might lead to breaking code or invalid results. Use at your own risk. For more info please refer to:
https://scikit-learn.org/stable/model_persistence.html#security-maintainability-limitations
  warnings.warn(
C:\Users\ricca\Documents\Codex\2026-06-15\files-mentioned-by-the-user-bdss\outputs\bdss_rf_robustness_project\.venv\Lib\site-packages\sklearn\base.py:525: InconsistentVersionWarning: Trying to unpickle estimator RandomForestClassifier from version 1.4.2 when using version 1.9.0. This might lead to breaking code or invalid results. Use at your own risk. For more info please refer to:
https://scikit-learn.org/stable/model_persistence.html#security-maintainability-limitations
  warnings.warn(
",C:\Users\ricca\Documents\Codex\2026-06-15\files-mentioned-by-the-user-bdss\outputs\bdss_rf_robustness_project\results\full_54_grid\heart-c\trees_10\B_20000\selector_p_value,p_value,timeout,300,10
20000,heart-c,300.20713889999934,"Timeout after 300 seconds

STDOUT:


STDERR:
C:\Users\ricca\Documents\Codex\2026-06-15\files-mentioned-by-the-user-bdss\outputs\bdss_rf_robustness_project\.venv\Lib\site-packages\sklearn\base.py:525: InconsistentVersionWarning: Trying to unpickle estimator DecisionTreeClassifier from version 1.4.2 when using version 1.9.0. This might lead to breaking code or invalid results. Use at your own risk. For more info please refer to:
https://scikit-learn.org/stable/model_persistence.html#security-maintainability-limitations
  warnings.warn(
C:\Users\ricca\Documents\Codex\2026-06-15\files-mentioned-by-the-user-bdss\outputs\bdss_rf_robustness_project\.venv\Lib\site-packages\sklearn\base.py:525: InconsistentVersionWarning: Trying to unpickle estimator RandomForestClassifier from version 1.4.2 when using version 1.9.0. This might lead to breaking code or invalid results. Use at your own risk. For more info please refer to:
https://scikit-learn.org/stable/model_persistence.html#security-maintainability-limitations
  warnings.warn(
Traceback (most recent call last):
  File ""<frozen runpy>"", line 198, in _run_module_as_main
  File ""<frozen runpy>"", line 88, in _run_code
  File ""C:\Users\ricca\Documents\Codex\2026-06-15\files-mentioned-by-the-user-bdss\outputs\bdss_rf_robustness_project\bdss_rf_robustness\cli.py"", line 148, in <module>
    main()
    ~~~~^^
  File ""C:\Users\ricca\Documents\Codex\2026-06-15\files-mentioned-by-the-user-bdss\outputs\bdss_rf_robustness_project\bdss_rf_robustness\cli.py"", line 144, in main
    args.func(args)
    ~~~~~~~~~^^^^^^
  File ""C:\Users\ricca\Documents\Codex\2026-06-15\files-mentioned-by-the-user-bdss\outputs\bdss_rf_robustness_project\bdss_rf_robustness\cli.py"", line 35, in run_one
    leaves, stats = budgeted_compose(
                    ~~~~~~~~~~~~~~~~^
        manager=manager,
        ^^^^^^^^^^^^^^^^
    ...<6 lines>...
        seed=args.seed,
        ^^^^^^^^^^^^^^^
    )
    ^
  File ""C:\Users\ricca\Documents\Codex\2026-06-15\files-mentioned-by-the-user-bdss\outputs\bdss_rf_robustness_project\bdss_rf_robustness\composition.py"", line 76, in budgeted_compose
    candidate = compose_one_tree(manager, state_bdds, branch_leaf_bdds, label_to_idx)
  File ""C:\Users\ricca\Documents\Codex\2026-06-15\files-mentioned-by-the-user-bdss\outputs\bdss_rf_robustness_project\bdss_rf_robustness\composition.py"", line 42, in compose_one_tree
    new[next_state] = manager.lor(new.get(next_state, 0), term)
                      ~~~~~~~~~~~^^^^^^^^^^^^^^^^^^^^^^^^^^^^^^
  File ""C:\Users\ricca\Documents\Codex\2026-06-15\files-mentioned-by-the-user-bdss\outputs\bdss_rf_robustness_project\bdss_rf_robustness\bdd.py"", line 162, in lor
    return self.apply(""or"", lambda x, y: x or y, a, b)
           ~~~~~~~~~~^^^^^^^^^^^^^^^^^^^^^^^^^^^^^^^^^
  File ""C:\Users\ricca\Documents\Codex\2026-06-15\files-mentioned-by-the-user-bdss\outputs\bdss_rf_robustness_project\bdss_rf_robustness\bdd.py"", line 134, in apply
    out = self.mk(top, self.apply(op_name, op, al, bl), self.apply(op_name, op, ah, bh))
                       ~~~~~~~~~~^^^^^^^^^^^^^^^^^^^^^
  File ""C:\Users\ricca\Documents\Codex\2026-06-15\files-mentioned-by-the-user-bdss\outputs\bdss_rf_robustness_project\bdss_rf_robustness\bdd.py"", line 134, in apply
    out = self.mk(top, self.apply(op_name, op, al, bl), self.apply(op_name, op, ah, bh))
                                                        ~~~~~~~~~~^^^^^^^^^^^^^^^^^^^^^
  File ""C:\Users\ricca\Documents\Codex\2026-06-15\files-mentioned-by-the-user-bdss\outputs\bdss_rf_robustness_project\bdss_rf_robustness\bdd.py"", line 134, in apply
    out = self.mk(top, self.apply(op_name, op, al, bl), self.apply(op_name, op, ah, bh))
                       ~~~~~~~~~~^^^^^^^^^^^^^^^^^^^^^
  [Previous line repeated 6 more times]
  File ""C:\Users\ricca\Documents\Codex\2026-06-15\files-mentioned-by-the-user-bdss\outputs\bdss_rf_robustness_project\bdss_rf_robustness\bdd.py"", line 135, in apply
    self._apply_cache[key] = out
    ~~~~~~~~~~~~~~~~~^^^^^
MemoryError
",C:\Users\ricca\Documents\Codex\2026-06-15\files-mentioned-by-the-user-bdss\outputs\bdss_rf_robustness_project\results\full_54_grid\heart-c\trees_10\B_20000\selector_random_node,random_node,timeout,300,10
20000,heart-c,300.1738071999998,"Timeout after 300 seconds

STDOUT:


STDERR:
C:\Users\ricca\Documents\Codex\2026-06-15\files-mentioned-by-the-user-bdss\outputs\bdss_rf_robustness_project\.venv\Lib\site-packages\sklearn\base.py:525: InconsistentVersionWarning: Trying to unpickle estimator DecisionTreeClassifier from version 1.4.2 when using version 1.9.0. This might lead to breaking code or invalid results. Use at your own risk. For more info please refer to:
https://scikit-learn.org/stable/model_persistence.html#security-maintainability-limitations
  warnings.warn(
C:\Users\ricca\Documents\Codex\2026-06-15\files-mentioned-by-the-user-bdss\outputs\bdss_rf_robustness_project\.venv\Lib\site-packages\sklearn\base.py:525: InconsistentVersionWarning: Trying to unpickle estimator RandomForestClassifier from version 1.4.2 when using version 1.9.0. This might lead to breaking code or invalid results. Use at your own risk. For more info please refer to:
https://scikit-learn.org/stable/model_persistence.html#security-maintainability-limitations
  warnings.warn(
",C:\Users\ricca\Documents\Codex\2026-06-15\files-mentioned-by-the-user-bdss\outputs\bdss_rf_robustness_project\results\full_54_grid\heart-c\trees_10\B_20000\selector_shapley,shapley,timeout,300,10
20000,heart-sa,300.0226292999996,"Timeout after 300 seconds

STDOUT:


STDERR:
C:\Users\ricca\Documents\Codex\2026-06-15\files-mentioned-by-the-user-bdss\outputs\bdss_rf_robustness_project\.venv\Lib\site-packages\sklearn\base.py:525: InconsistentVersionWarning: Trying to unpickle estimator DecisionTreeClassifier from version 1.4.2 when using version 1.9.0. This might lead to breaking code or invalid results. Use at your own risk. For more info please refer to:
https://scikit-learn.org/stable/model_persistence.html#security-maintainability-limitations
  warnings.warn(
C:\Users\ricca\Documents\Codex\2026-06-15\files-mentioned-by-the-user-bdss\outputs\bdss_rf_robustness_project\.venv\Lib\site-packages\sklearn\base.py:525: InconsistentVersionWarning: Trying to unpickle estimator RandomForestClassifier from version 1.4.2 when using version 1.9.0. This might lead to breaking code or invalid results. Use at your own risk. For more info please refer to:
https://scikit-learn.org/stable/model_persistence.html#security-maintainability-limitations
  warnings.warn(
",C:\Users\ricca\Documents\Codex\2026-06-15\files-mentioned-by-the-user-bdss\outputs\bdss_rf_robustness_project\results\full_54_grid\heart-sa\trees_10\B_20000\selector_info_gain,info_gain,timeout,300,10
20000,heart-sa,300.0171402000001,"Timeout after 300 seconds

STDOUT:


STDERR:
C:\Users\ricca\Documents\Codex\2026-06-15\files-mentioned-by-the-user-bdss\outputs\bdss_rf_robustness_project\.venv\Lib\site-packages\sklearn\base.py:525: InconsistentVersionWarning: Trying to unpickle estimator DecisionTreeClassifier from version 1.4.2 when using version 1.9.0. This might lead to breaking code or invalid results. Use at your own risk. For more info please refer to:
https://scikit-learn.org/stable/model_persistence.html#security-maintainability-limitations
  warnings.warn(
C:\Users\ricca\Documents\Codex\2026-06-15\files-mentioned-by-the-user-bdss\outputs\bdss_rf_robustness_project\.venv\Lib\site-packages\sklearn\base.py:525: InconsistentVersionWarning: Trying to unpickle estimator RandomForestClassifier from version 1.4.2 when using version 1.9.0. This might lead to breaking code or invalid results. Use at your own risk. For more info please refer to:
https://scikit-learn.org/stable/model_persistence.html#security-maintainability-limitations
  warnings.warn(
",C:\Users\ricca\Documents\Codex\2026-06-15\files-mentioned-by-the-user-bdss\outputs\bdss_rf_robustness_project\results\full_54_grid\heart-sa\trees_10\B_20000\selector_modal,modal,timeout,300,10
20000,heart-sa,300.02637309999955,"Timeout after 300 seconds

STDOUT:


STDERR:
C:\Users\ricca\Documents\Codex\2026-06-15\files-mentioned-by-the-user-bdss\outputs\bdss_rf_robustness_project\.venv\Lib\site-packages\sklearn\base.py:525: InconsistentVersionWarning: Trying to unpickle estimator DecisionTreeClassifier from version 1.4.2 when using version 1.9.0. This might lead to breaking code or invalid results. Use at your own risk. For more info please refer to:
https://scikit-learn.org/stable/model_persistence.html#security-maintainability-limitations
  warnings.warn(
C:\Users\ricca\Documents\Codex\2026-06-15\files-mentioned-by-the-user-bdss\outputs\bdss_rf_robustness_project\.venv\Lib\site-packages\sklearn\base.py:525: InconsistentVersionWarning: Trying to unpickle estimator RandomForestClassifier from version 1.4.2 when using version 1.9.0. This might lead to breaking code or invalid results. Use at your own risk. For more info please refer to:
https://scikit-learn.org/stable/model_persistence.html#security-maintainability-limitations
  warnings.warn(
",C:\Users\ricca\Documents\Codex\2026-06-15\files-mentioned-by-the-user-bdss\outputs\bdss_rf_robustness_project\results\full_54_grid\heart-sa\trees_10\B_20000\selector_p_value,p_value,timeout,300,10
20000,heart-sa,300.21191180000096,"Timeout after 300 seconds

STDOUT:


STDERR:
C:\Users\ricca\Documents\Codex\2026-06-15\files-mentioned-by-the-user-bdss\outputs\bdss_rf_robustness_project\.venv\Lib\site-packages\sklearn\base.py:525: InconsistentVersionWarning: Trying to unpickle estimator DecisionTreeClassifier from version 1.4.2 when using version 1.9.0. This might lead to breaking code or invalid results. Use at your own risk. For more info please refer to:
https://scikit-learn.org/stable/model_persistence.html#security-maintainability-limitations
  warnings.warn(
C:\Users\ricca\Documents\Codex\2026-06-15\files-mentioned-by-the-user-bdss\outputs\bdss_rf_robustness_project\.venv\Lib\site-packages\sklearn\base.py:525: InconsistentVersionWarning: Trying to unpickle estimator RandomForestClassifier from version 1.4.2 when using version 1.9.0. This might lead to breaking code or invalid results. Use at your own risk. For more info please refer to:
https://scikit-learn.org/stable/model_persistence.html#security-maintainability-limitations
  warnings.warn(
",C:\Users\ricca\Documents\Codex\2026-06-15\files-mentioned-by-the-user-bdss\outputs\bdss_rf_robustness_project\results\full_54_grid\heart-sa\trees_10\B_20000\selector_random_node,random_node,timeout,300,10
20000,heart-sa,300.2692303999993,"Timeout after 300 seconds

STDOUT:


STDERR:
C:\Users\ricca\Documents\Codex\2026-06-15\files-mentioned-by-the-user-bdss\outputs\bdss_rf_robustness_project\.venv\Lib\site-packages\sklearn\base.py:525: InconsistentVersionWarning: Trying to unpickle estimator DecisionTreeClassifier from version 1.4.2 when using version 1.9.0. This might lead to breaking code or invalid results. Use at your own risk. For more info please refer to:
https://scikit-learn.org/stable/model_persistence.html#security-maintainability-limitations
  warnings.warn(
C:\Users\ricca\Documents\Codex\2026-06-15\files-mentioned-by-the-user-bdss\outputs\bdss_rf_robustness_project\.venv\Lib\site-packages\sklearn\base.py:525: InconsistentVersionWarning: Trying to unpickle estimator RandomForestClassifier from version 1.4.2 when using version 1.9.0. This might lead to breaking code or invalid results. Use at your own risk. For more info please refer to:
https://scikit-learn.org/stable/model_persistence.html#security-maintainability-limitations
  warnings.warn(
",C:\Users\ricca\Documents\Codex\2026-06-15\files-mentioned-by-the-user-bdss\outputs\bdss_rf_robustness_project\results\full_54_grid\heart-sa\trees_10\B_20000\selector_shapley,shapley,timeout,300,10
20000,seismic_bumps,300.13106679999873,"Timeout after 300 seconds

STDOUT:


STDERR:
C:\Users\ricca\Documents\Codex\2026-06-15\files-mentioned-by-the-user-bdss\outputs\bdss_rf_robustness_project\.venv\Lib\site-packages\sklearn\base.py:525: InconsistentVersionWarning: Trying to unpickle estimator DecisionTreeClassifier from version 1.4.2 when using version 1.9.0. This might lead to breaking code or invalid results. Use at your own risk. For more info please refer to:
https://scikit-learn.org/stable/model_persistence.html#security-maintainability-limitations
  warnings.warn(
C:\Users\ricca\Documents\Codex\2026-06-15\files-mentioned-by-the-user-bdss\outputs\bdss_rf_robustness_project\.venv\Lib\site-packages\sklearn\base.py:525: InconsistentVersionWarning: Trying to unpickle estimator RandomForestClassifier from version 1.4.2 when using version 1.9.0. This might lead to breaking code or invalid results. Use at your own risk. For more info please refer to:
https://scikit-learn.org/stable/model_persistence.html#security-maintainability-limitations
  warnings.warn(
",C:\Users\ricca\Documents\Codex\2026-06-15\files-mentioned-by-the-user-bdss\outputs\bdss_rf_robustness_project\results\full_54_grid\seismic_bumps\trees_10\B_20000\selector_random_node,random_node,timeout,300,10
20000,seismic_bumps,300.14211570000043,"Timeout after 300 seconds

STDOUT:


STDERR:
C:\Users\ricca\Documents\Codex\2026-06-15\files-mentioned-by-the-user-bdss\outputs\bdss_rf_robustness_project\.venv\Lib\site-packages\sklearn\base.py:525: InconsistentVersionWarning: Trying to unpickle estimator DecisionTreeClassifier from version 1.4.2 when using version 1.9.0. This might lead to breaking code or invalid results. Use at your own risk. For more info please refer to:
https://scikit-learn.org/stable/model_persistence.html#security-maintainability-limitations
  warnings.warn(
C:\Users\ricca\Documents\Codex\2026-06-15\files-mentioned-by-the-user-bdss\outputs\bdss_rf_robustness_project\.venv\Lib\site-packages\sklearn\base.py:525: InconsistentVersionWarning: Trying to unpickle estimator RandomForestClassifier from version 1.4.2 when using version 1.9.0. This might lead to breaking code or invalid results. Use at your own risk. For more info please refer to:
https://scikit-learn.org/stable/model_persistence.html#security-maintainability-limitations
  warnings.warn(
",C:\Users\ricca\Documents\Codex\2026-06-15\files-mentioned-by-the-user-bdss\outputs\bdss_rf_robustness_project\results\full_54_grid\seismic_bumps\trees_10\B_20000\selector_shapley,shapley,timeout,300,10
